<?xml version="1.0" encoding="UTF-8"?>
<jdbc:descriptor wsdlLocation="checkForReceivingIQs.sql.wsdl" targetNamespace="urn:intalio.com:connectors:database:launchpointprocess:checkforreceivingiqsservice" xmlns:jdbc="http://bpms.intalio.com/connectors/jdbc/">
    <jdbc:service name="checkForReceivingIQsService">
        <jdbc:operation name="urn:checkForReceivingIQs" sqlStatement="select iqletter.iqlettertrackingid from iqtracking iq join iqlettertracking iqletter 
on iq.caseid = iqletter.caseid where iq.caseid = ? and (iq.iqhold = false or iq.iqhold is NULL)
and iqletter.iqenqueued = true and iqletter.iqsent = true 
and (iqletter.iqabandoned = false or iqletter.iqabandoned is NULL)
and (iqletter.iqresponsereceived = false or iqletter.iqresponsereceived is NULL)" event="false" dynamicCredentials="true" xmlns:urn="urn:intalio.com:connectors:database:launchpointprocess:checkforreceivingiqsservice">
            <jdbc:input>
                <jdbc:parameter>
                    <jdbc:mode>1</jdbc:mode>
                    <jdbc:name>iq.caseid</jdbc:name>
                    <jdbc:type>20</jdbc:type>
                    <jdbc:length>0</jdbc:length>
                    <jdbc:typeName xsi:nil="true" xmlns:xsi="http://www.w3.org/2001/XMLSchema-instance"/>
                    <jdbc:precision>15</jdbc:precision>
                    <jdbc:scale>2</jdbc:scale>
                    <jdbc:nullable>false</jdbc:nullable>
                    <jdbc:value>29761530</jdbc:value>
                    <jdbc:index>0</jdbc:index>
                </jdbc:parameter>
            </jdbc:input>
            <jdbc:filter rowsToSendService="1" rowsToFetch="-1" duration="-PT1S">
                <jdbc:unique scope="none"/>
            </jdbc:filter>
            <jdbc:output/>
        </jdbc:operation>
        <jdbc:port>
            <jdbc:address location="http://54.90.107.154:8080/everteam/ode/processes/checkForReceivingIQsService"/>
        </jdbc:port>
        <jdbc:connection jndiName="java:comp/env/jdbc/BPMSDB">
            <jdbc:databaseProductName>Generic JDBC</jdbc:databaseProductName>
            <jdbc:databaseProductVersion>1.0</jdbc:databaseProductVersion>
            <jdbc:driverClass>org.postgresql.Driver</jdbc:driverClass>
            <jdbc:databaseUrl>jdbc:postgresql://192.168.241.208/postgres</jdbc:databaseUrl>
            <jdbc:databaseName>postgres</jdbc:databaseName>
            <jdbc:userName>postgres</jdbc:userName>
            <jdbc:password>decrypt[0ei+XCPYqavxQukd7+bsw4rC/ZQyYb+w]</jdbc:password>
        </jdbc:connection>
    </jdbc:service>
</jdbc:descriptor>