<?xml version="1.0" encoding="UTF-8"?>
<jdbc:descriptor wsdlLocation="getAllCases.sql.wsdl" targetNamespace="urn:intalio.com:connectors:database:launchpointprocess:getallcasesservice" xmlns:jdbc="http://bpms.intalio.com/connectors/jdbc/">
    <jdbc:service name="getAllCasesService">
        <jdbc:operation name="urn:getAllCases" sqlStatement="SELECT caseid, clientid, batchid, environmentid FROM launchpointcase where active=true;" event="false" dynamicCredentials="true" xmlns:urn="urn:intalio.com:connectors:database:launchpointprocess:getallcasesservice">
            <jdbc:input/>
            <jdbc:filter rowsToSendService="1" rowsToFetch="-1" duration="-PT1S">
                <jdbc:unique scope="none"/>
            </jdbc:filter>
            <jdbc:output/>
        </jdbc:operation>
        <jdbc:port>
            <jdbc:address location="http://54.90.107.154:8080/everteam/ode/processes/getAllCasesService"/>
        </jdbc:port>
        <jdbc:connection jndiName="java:comp/env/jdbc/BPMSDB">
            <jdbc:databaseProductName>Generic JDBC</jdbc:databaseProductName>
            <jdbc:databaseProductVersion>1.0</jdbc:databaseProductVersion>
            <jdbc:driverClass>org.postgresql.Driver</jdbc:driverClass>
            <jdbc:databaseUrl>jdbc:postgresql://bpms.everteam.us:5432/bamdb</jdbc:databaseUrl>
            <jdbc:databaseName>BAMDB</jdbc:databaseName>
            <jdbc:userName>bam</jdbc:userName>
            <jdbc:password>decrypt[LRCcp62DTh2M2ZAy1dg6q2jWZ/ihtNSb]</jdbc:password>
        </jdbc:connection>
    </jdbc:service>
</jdbc:descriptor>