<?xml version="1.0" encoding="UTF-8"?>
<jdbc:descriptor wsdlLocation="getCase.sql.wsdl" targetNamespace="urn:intalio.com:connectors:database:launchpointprocess:getcaseservice" xmlns:jdbc="http://bpms.intalio.com/connectors/jdbc/">
    <jdbc:service name="getCaseService">
        <jdbc:operation name="urn:getCase" sqlStatement="SELECT caseid, clientid, batchid, environmentid, isoindicator, score, accidentdate, benefitamount, fundingsource, lob, workcomp, casestatus, casesource, lifecycle, closereason, state, iqresponsereceived, canclose, bcep, iqreturnmail, invalidaddress, iqhold, isosent, isoresponse, vip, iqletters, dayssinceaccident, bcepduedatepassed, dayssincelastiqletter, active, created_at, updated_at, created_by_process, created_by_instance
FROM launchpointcase where caseid = ? and clientid = ? and environmentid = ?;" event="false" dynamicCredentials="true" xmlns:urn="urn:intalio.com:connectors:database:launchpointprocess:getcaseservice">
            <jdbc:input>
                <jdbc:parameter>
                    <jdbc:mode>1</jdbc:mode>
                    <jdbc:name>caseid</jdbc:name>
                    <jdbc:type>20</jdbc:type>
                    <jdbc:length>0</jdbc:length>
                    <jdbc:typeName xsi:nil="true" xmlns:xsi="http://www.w3.org/2001/XMLSchema-instance"/>
                    <jdbc:precision>15</jdbc:precision>
                    <jdbc:scale>2</jdbc:scale>
                    <jdbc:nullable>false</jdbc:nullable>
                    <jdbc:value>0</jdbc:value>
                    <jdbc:index>0</jdbc:index>
                </jdbc:parameter>
                <jdbc:parameter>
                    <jdbc:mode>1</jdbc:mode>
                    <jdbc:name>clientid</jdbc:name>
                    <jdbc:type>20</jdbc:type>
                    <jdbc:length>0</jdbc:length>
                    <jdbc:typeName xsi:nil="true" xmlns:xsi="http://www.w3.org/2001/XMLSchema-instance"/>
                    <jdbc:precision>15</jdbc:precision>
                    <jdbc:scale>2</jdbc:scale>
                    <jdbc:nullable>false</jdbc:nullable>
                    <jdbc:value>0</jdbc:value>
                    <jdbc:index>1</jdbc:index>
                </jdbc:parameter>
                <jdbc:parameter>
                    <jdbc:mode>1</jdbc:mode>
                    <jdbc:name>environmentid</jdbc:name>
                    <jdbc:type>20</jdbc:type>
                    <jdbc:length>0</jdbc:length>
                    <jdbc:typeName xsi:nil="true" xmlns:xsi="http://www.w3.org/2001/XMLSchema-instance"/>
                    <jdbc:precision>15</jdbc:precision>
                    <jdbc:scale>2</jdbc:scale>
                    <jdbc:nullable>false</jdbc:nullable>
                    <jdbc:value>0</jdbc:value>
                    <jdbc:index>2</jdbc:index>
                </jdbc:parameter>
            </jdbc:input>
            <jdbc:filter rowsToSendService="1" rowsToFetch="-1" duration="-PT1S">
                <jdbc:unique scope="none"/>
            </jdbc:filter>
            <jdbc:output/>
        </jdbc:operation>
        <jdbc:port>
            <jdbc:address location="http://54.90.107.154:8080/everteam/ode/processes/getCaseService"/>
        </jdbc:port>
        <jdbc:connection jndiName="java:comp/env/jdbc/BPMSDB">
            <jdbc:databaseProductName>Generic JDBC</jdbc:databaseProductName>
            <jdbc:databaseProductVersion>1.0</jdbc:databaseProductVersion>
            <jdbc:driverClass>org.postgresql.Driver</jdbc:driverClass>
            <jdbc:databaseUrl>jdbc:postgresql://bpms.everteam.us:5432/bamdb</jdbc:databaseUrl>
            <jdbc:databaseName>BAMDB</jdbc:databaseName>
            <jdbc:userName>bam</jdbc:userName>
            <jdbc:password>decrypt[XCjn6Js+66rzCTqw1EAnvXgrCbGWxkzI]</jdbc:password>
        </jdbc:connection>
    </jdbc:service>
</jdbc:descriptor>