<?xml version="1.0" encoding="UTF-8"?>
<jdbc:descriptor wsdlLocation="getCaseQueued.sql.wsdl" targetNamespace="urn:intalio.com:connectors:database:launchpointprocess:getcasequeuedservice" xmlns:jdbc="http://bpms.intalio.com/connectors/jdbc/">
    <jdbc:service name="getCaseQueuedService">
        <jdbc:operation name="urn:getCaseQueued" sqlStatement="select * from iqtracking where caseid = ? and not iqsent;" event="false" dynamicCredentials="true" xmlns:urn="urn:intalio.com:connectors:database:launchpointprocess:getcasequeuedservice">
            <jdbc:input>
                <jdbc:parameter>
                    <jdbc:mode>1</jdbc:mode>
                    <jdbc:name>caseid</jdbc:name>
                    <jdbc:type>20</jdbc:type>
                    <jdbc:length>0</jdbc:length>
                    <jdbc:typeName xsi:nil="true" xmlns:xsi="http://www.w3.org/2001/XMLSchema-instance"/>
                    <jdbc:precision>15</jdbc:precision>
                    <jdbc:scale>2</jdbc:scale>
                    <jdbc:nullable>false</jdbc:nullable>
                    <jdbc:value>1</jdbc:value>
                    <jdbc:index>0</jdbc:index>
                </jdbc:parameter>
            </jdbc:input>
            <jdbc:filter rowsToSendService="1" rowsToFetch="-1" duration="-PT1S">
                <jdbc:unique scope="none"/>
            </jdbc:filter>
            <jdbc:output/>
        </jdbc:operation>
        <jdbc:port>
            <jdbc:address location="http://54.90.107.154:8080/everteam/ode/processes/getCaseQueuedService"/>
        </jdbc:port>
        <jdbc:connection jndiName="java:comp/env/jdbc/BPMSDB">
            <jdbc:databaseProductName>Generic JDBC</jdbc:databaseProductName>
            <jdbc:databaseProductVersion>1.0</jdbc:databaseProductVersion>
            <jdbc:driverClass>org.postgresql.Driver</jdbc:driverClass>
            <jdbc:databaseUrl>jdbc:postgresql://192.168.241.208/postgres</jdbc:databaseUrl>
            <jdbc:databaseName>postgres</jdbc:databaseName>
            <jdbc:userName>postgres</jdbc:userName>
            <jdbc:password>decrypt[qvRORGiWRjTkMl9e16RdVuADLj1vQpwF]</jdbc:password>
        </jdbc:connection>
    </jdbc:service>
</jdbc:descriptor>