<?xml version="1.0" encoding="UTF-8"?>
<jdbc:descriptor wsdlLocation="getCaseFromRequestId.sql.wsdl" targetNamespace="urn:intalio.com:connectors:database:launchpointprocess:getcasefromrequestidservice" xmlns:jdbc="http://bpms.intalio.com/connectors/jdbc/">
    <jdbc:service name="getCaseFromRequestIdService">
        <jdbc:operation name="urn:getCaseFromRequestId" sqlStatement="select 
launchpointcase.caseid as caseid,
launchpointcase.clientid as clientid,
launchpointcase.environmentid as environmentid,
launchpointcase.batchid as batchid,
launchpointcase.isoresponse as isoresponse,
launchpointcase.casestatus as casestatus,
launchpointcase.score as score,
isoresponsetracking.score as highScore, 
isoresponsetracking.scorevalue as highScoreValue
from launchpointcase 
inner join isotracking on isotracking.caseid = launchpointcase.caseid
left outer join isoresponsetracking on isotracking.requestid = isoresponsetracking.requestid
where isotracking.requestid = ?
order by isoresponsetracking.scorevalue desc
limit 1" event="false" dynamicCredentials="true" xmlns:urn="urn:intalio.com:connectors:database:launchpointprocess:getcasefromrequestidservice">
            <jdbc:input>
                <jdbc:parameter>
                    <jdbc:mode>1</jdbc:mode>
                    <jdbc:name>isotracking.requestid</jdbc:name>
                    <jdbc:type>40</jdbc:type>
                    <jdbc:length>10</jdbc:length>
                    <jdbc:typeName xsi:nil="true" xmlns:xsi="http://www.w3.org/2001/XMLSchema-instance"/>
                    <jdbc:precision>0</jdbc:precision>
                    <jdbc:scale>0</jdbc:scale>
                    <jdbc:nullable>false</jdbc:nullable>
                    <jdbc:index>0</jdbc:index>
                </jdbc:parameter>
            </jdbc:input>
            <jdbc:filter rowsToSendService="1" rowsToFetch="-1" duration="-PT1S">
                <jdbc:unique scope="none"/>
            </jdbc:filter>
            <jdbc:output/>
        </jdbc:operation>
        <jdbc:port>
            <jdbc:address location="http://54.90.107.154:8080/everteam/ode/processes/getCaseFromRequestIdService"/>
        </jdbc:port>
        <jdbc:connection jndiName="java:comp/env/jdbc/BPMSDB">
            <jdbc:databaseProductName>Generic JDBC</jdbc:databaseProductName>
            <jdbc:databaseProductVersion>1.0</jdbc:databaseProductVersion>
            <jdbc:driverClass>org.postgresql.Driver</jdbc:driverClass>
            <jdbc:databaseUrl>jdbc:postgresql://bpms.everteam.us:5432/bamdb</jdbc:databaseUrl>
            <jdbc:databaseName>BAMDB</jdbc:databaseName>
            <jdbc:userName>bam</jdbc:userName>
            <jdbc:password>decrypt[uwd/CMM9aHHtG5uAqvBHU2YnaUlhcgtj]</jdbc:password>
        </jdbc:connection>
    </jdbc:service>
</jdbc:descriptor>